Taxon_deutsch,Taxon_wissensch
Chinesische Samtpappel,Abutilon theophrasti
Eschen-Ahorn,Acer negundo
Tataren-Ahorn,Acer tataricum
Meerfenchelblättrige Schafgarbe,Achillea crithmifolia
Kalmus,Acorus calamus
Tannentrieblaus,Adelges nordmannianae
,Aedes albopictus
,Aedes japonicus
Rote Rosskastanie,Aesculus carnea
Rosskastanie,Aesculus hippocastanum
Kastilisches Straußgras,Agrostis castellana
,Ahasverus advena
Goetterbaum,Ailanthus altissima
Mandarinente,Aix galericulata
Brautente,Aix sponsa
Garten-Stockrose,Alcea rosea
Weicher Frauenmantel,Alchemilla mollis
Wunder-Lauch,Allium paradoxum
Knoblauch,Allium sativum
Nilgans,Alopochen aegyptiaca
Getreideschimmelkäfer,Alphitobius diaperinus
Zweibindiger Pilzschwarzkäfer,Alphitophagus bifasciatus
Weisser Amarant,Amaranthus albus
Westamerikanischer Amarant,Amaranthus blitoides
Liegender Fuchsschwanz,Amaranthus deflexus
Ausgerandeter Amarant,Amaranthus emarginatus
,Amaranthus blitum emarginatus
Griechischer Fuchsschwanz,Amaranthus graecizans
Ausgebreiteter Fuchsschwanz,Amaranthus hybridus
Gruenaehriger Bastard-Amarant,Amaranthus powellii
Rauhaariger Fuchsschwanz,Amaranthus retroflexus
Gelbkopfamazone,Amazona oratrix
Gewächshausschnegel,Ambigolimax valentianus
Aufrechtes Traubenkraut,Ambrosia artemisiifolia
Stauden-Ambrosie,Ambrosia psilostachya
Dreilappiges Traubenkraut,Ambrosia trifida
Schwarzer Katzenwels,Ameiurus melas
Katzenwels,Ameiurus nebulosus
Besen-Felsenbirne,Amelanchier humilis
Kupfer-Felsenbirne,Amelanchier lamarckii
Große Knorpelmöhre,Ammi majus
Mähnenschaf,Ammotragus lervia
Bastardindigo,Amorpha fruticosa
Menzies-Amsinckie,Amsinckia menziesii
,Anagrus atomus
Großblütiges Perlkörbchen,Anaphalis margaritacea
Nordamerikanische Pfeifente,Mareca americana
Kastanienente,Anas castanea
Italienische Ochsenzunge,Anchusa azurea
Rosa Höhlenassel,Androniscus dentiger
Balkan-Windroeschen,Anemone blanda
Dill,Anethum graveolens
Graugans,Anser anser
Kurzschnabelgans,Anser brachyrhynchus
Schwanengans,Anser cygnoides
Streifengans,Anser indicus
Ruthenische Hundskamille,Anthemis ruthenica
Grannen-Ruchgras,Anthoxanthum aristatum
Unterbrochener Windhalm,Apera interrupta
Kaukasische Gänsekresse,Arabis caucasica
Wacholder-Knospenmotte,Argyresthia trifasciata
Spanische Wegschnecke,Arion lusitanicus
Spanische Wegschnecke,Arion vulgaris
,Armadillidium nasatum
Garten-Meerrettich,Armoracia rusticana
Eberraute,Artemisia abrotanum
Einjähriger Beifuß,Artemisia annua
Österreichischer Beifuß,Artemisia austriaca
Zweijaehriger Beifuss,Artemisia biennis
Estragon,Artemisia dracunculus
Pontischer Beifuß,Artemisia pontica
Ostasiatischer Beifuss,Artemisia verlotiorum
Italienischer Aronstab,Arum italicum
Syrische Seidenpflanze,Asclepias syriaca
,Aspidapion validum
,Atomaria lewisi
Verschiedensamige Melde,Atriplex micrantha
Langblättrige Melde,Atriplex oblongifolia
Rosen-Melde,Atriplex rosea
Tataren-Melde,Atriplex tatarica
Dunkler Pelzkäfer,Attagenus unicolor
Saat-Hafer,Avena sativa
Tafelente,Aythya ferina
Großer Algenfarn,Azolla filiculoides
Fruehlings-Barbarakraut,Barbarea verna
Besen-Radmelde,Bassia scoparia
Gelbes Teerkraut,Bellardia viscosa
Thunberg-Berberitze,Berberis thunbergii
Graukresse,Berteroa incana
Verwachsenblättriger Zweizahn,Bidens connata
Dichtbelaubter Zweizahn,Bidens frondosa
Strahlen-Hohlsame,Bifora radians
,Bimastos rubidus
Küchenschabe,Blatta orientalis
durchblätterter Gänsefuß,Blitum virgatum
Wurmschnegel,Boettgerilla pallens
Borretsch,Borago officinalis
,Brachydesmus superus
Kiemenwurm,Branchiura sowerbyi
Kanadagans,Branta canadensis
Zwergkanadagans,Branta hutchinsii
Weißwangengans,Branta leucopsis
Langtraubiger Kohl,Brassica elongata
Ruten-Kohl,Brassica juncea
Raps,Brassica napus
Gekielte Trespe,Bromus carinatus
Ährengrasähnliche Trespe,Bromus catharticus
Gussones Trespe,Bromus diandrus
,Bromus japonicus
Sparrige Trespe,Bromus squarrosus
Kaukasusvergissmeinnicht,Brunnera macrophylla
Schmetterlingsstrauch,Buddleja davidii
Gefluegeltes Zackenschoetchen,Bunias erucago
Orientalisches Zackenschötchen,Bunias orientalis
Mittelmeer-Nelkenwickler,Cacoecimorpha pronubana
Moschus-Ente,Cairina moschata
Garten-Ringelblume,Calendula officinalis
Wendich,Calepina irregularis
Schöne Zaunwinde,Calystegia pulchra
Wald-Zaunwinde,Calystegia silvatica
,Camarosporidiella elongata
"Rosskastanien-Miniermotte, Biergartenmotte",Cameraria ohridella
Marien-Glockenblume,Campanula medium
Haengepolster-Glockenblume,Campanula poscharskyana
Kaktusmoos,Campylopus introflexus
Hanf,Cannabis sativa
Alpen-Steinbock,Capra ibex
Reh,Capreolus capreolus
Gewöhnlicher Erbsenstrauch,Caragana arborescens
Goldfisch,Carassius auratus
,Carcinops pumilio
Glatte Nickende Distel,Carduus nutans leiophyllus
Falsche Fuchs-Segge,Carex vulpinoidea
,Cartodere bifasciata
Schwarzbrauner Rippenmoderkäfer,Cartodere nodifer
Steifgras,Catapodium rigidum
Amerikanischer Zürgelbaum,Celtis occidentalis
Stern-Flockenblume,Centaurea calcitrapa
Sparrige Flockenblume,Centaurea diffusa
Ennetbirgische Flockenblume,Centaurea nigrescens
,Centaurea scabiosa fritschii
Sonnenwend-Flockenblume,Centaurea solstitialis
Rote Spornblume,Centranthus ruber
Riesen-Schuppenkopf,Cephalaria gigantea
Filziges Hornkraut,Cerastium tomentosum
,Ceratina cucurbitina
,Cercyon laminatus
Rotmündige Heideschnecke,Cernuella neglecta
Sikahirsch,Cervus nippon
Japanische Zierquitte,Chaenomeles japonica
Chinesische Zierquitte,Chaenomeles speciosa
Lawson-Scheinzypresse,Chamaecyparis lawsoniana
Römische Kamille,Chamaemelum nobile
Italienische Schließmundschnecke,Charpentieria itala
Hausdornfinger,Cheiracanthium mildei
,Chelicorophium curvispinum
,Chelicorophium robustum
Berlandier-Gänsefuß,Chenopodium berlandieri
Gestreifter Gänsefuß,Chenopodium betaceum
,Choneiulus palmatus
Gemeine Florfliege,Chrysoperla carnea
Tintenfischpilz,Clathrus archeri
Mutterkorn,Claviceps purpurea
,Claytonia perfoliata
Italienische Waldrebe,Clematis viticella
Lärchenminiermotte,Coleophora laricella
Großblumige Leimsaat,Collomia grandiflora
Felsentaube,Columba livia
Feingerippte Körbchenmuschel,Corbicula fluminalis
Grobgerippte Körbchenmuschel,Corbicula fluminea
Koriander,Coriandrum sativum
Schmalflügliger Wanzensame,Corispermum pallasii
Gefleckte Weinbergschnecke,Cornu aspersum
Tatarischer Hartriegel,Cornus alba
Seidiger Hornstrauch,Cornus sericea
,Corticaria serrata
"Große Hasel, Lambert-Hasel",Corylus maxima
Platanen-Netzwanze,Corythucha ciliata
Schmuckkörbchen,Cosmos bipinnatus
Europäischer Perückenstrauch,Cotinus coggygria
Peking-Zwergmispel,Cotoneaster acutifolius
Sparrige Zwergmispel,Cotoneaster adpressus
Blasige Steinmispel,Cotoneaster bullatus
Teppich-Steinmispel,Cotoneaster dammeri
Diels' Steinmispel,Cotoneaster dielsianus
Sparrige Zwergmispel,Cotoneaster divaricatus
Fächer-Zwergmispel,Cotoneaster horizontalis
Vielblütige Zwergmispel,Cotoneaster multiflorus
Weidenblaettrige Steinmispel,Cotoneaster salicifolius
Krähenfuß-Laugenblume,Cotula coronopifolia
Nadelkraut,Crassula helmsii
Borsten-Pippau,Crepis setosa
Gold-Krokus,Crocus flavus
Tommasini-Krokus,Crocus tommasinianus
,Cruciata glabra
,Cryptophagus dentatus
,Cryptopleurum subtile
Graskarpfen,Ctenopharyngodon idella
Gronovius-Seide,Cuscuta gronovii
Chilenische Seide,Cuscuta suaveolens
Spitzkletten-Rispenkraut,Cyclachaena xanthiifolia
Kos-Alpenveilchen,Cyclamen coum
Efeublaettriges Alpenveilchen,Cyclamen hederifolium
,Cydalima perspectalis
Schwarzschwan,Cygnus atratus
Höckerschwan,Cygnus olor
Kleiner Gewächshaus-Tausendfüßer,Cylindroiulus britannicus
,Cylindroiulus truncorum
Mauer-Leinkraut,Cymbalaria muralis
Hundszahngras,Cynodon dactylon
Stacheliges Kammgras,Cynosurus echinatus
Liebesgrasartiges Zypergras,Cyperus eragrostis
Erdmandel,Cyperus esculentus
Damhirsch,Dama dama
Stechapfel,Datura stramonium
Garten-Ackerrittersporn,Delphinium ajacis
Spanischer Ackerrittersporn,Delphinium hispanicum
,Delta unguiculatum
Bart-Nelke,Dianthus barbatus
Riesen-Nelke,Dianthus giganteus
Feder-Nelke,Dianthus plumarius
Pazifische Herzblume,Dicentra formosa
Streckfuß,Dicranopalpus ramosus
Großer Höckerflohkrebs,Dikerogammarus villosus
Mauer-Doppelsame,Diplotaxis muralis
Schmalblättriger Doppelsame,Diplotaxis tenuifolia
Ruten-Doppelsame,Diplotaxis viminea
Schlanke Karde,Dipsacus strigosus
Klebriger Alant,Dittrichia graveolens
Kaukasus-Gämswurz,Doronicum orientale
Dreikantmuschel,Dreissena polymorpha
,Dreissena rostriformis
Quagga-Dreikantmuschel,Dreissena bugensis
,Drosophila suzukii
,Duponchelia fovealis
Duft-Drüsengänsefuß,Dysphania ambrosioides
Klebriger Drüsengänsefuß,Dysphania botrys
Australischer Drüsengänsefuß,Dysphania pumilio
Schrader-Drüsengänsefuß,Dysphania schraderiana
Borstige Hühnerhirse,Echinochloa muricata
Stachelgurke,Echinocystis lobata
,Echinogammarus berilloni
Banater Kugeldistel,Echinops bannaticus
Hohe Kugeldistel,Echinops exaltatus
Blaue Kugeldistel,Echinops ritro
Rundkoepfige Kugeldistel,Echinops sphaerocephalus
,Echinops sphaerocephalus sphaerocephalus
Bernstein-Waldschabe,Ectobius vittiventris
Schmalblättrige Ölweide,Elaeagnus angustifolia
Silber-Ölweide,Elaeagnus commutata
Eleusine,Eleusine indica
,Elodea canadensis
Dichtblaettrige Wasserpest,Elodea densa
Nuttalls Wasserpest,Elodea nuttallii
Kakaomotte,Ephestia elutella
Kurzfrüchtiges Weidenröschen,Epilobium brachycarpum
Drüsiges Weidenröschen,Epilobium ciliatum
Alpen-Sockenblume,Epimedium alpinum
Grossaehriges Liebesgras,Eragrostis cilianensis
Afrikanisches Liebesgras,Eragrostis curvula
Kleines Liebesgras,Eragrostis minor
Japanisches Liebesgras,Eragrostis multicaulis
Behaartes Liebesgras,Eragrostis pilosa
Winterling,Eranthis hyemalis
Amerikanisches Scheingreiskraut,Erechtites hieraciifolius
einjähriger Feinstrahl,Erigeron annuus
Argentinisches Berufkraut,Erigeron bonariensis
Sumatra-Berufkraut,Erigeron sumatrensis
Kanadisches Berufkraut,Erigeron canadensis
Striegelhaariges Berufkraut,Erigeron strigosus
Braunbrustigel,Erinaceus europaeus
Chinesische Wollhandkrabbe,Eriocheir sinensis
Riesen-Mannstreu,Eryngium giganteum
Ruten-Schöterich,Erysimum hieraciifolium
Gelbe Gauklerblume,Erythranthe guttata
Moschus-Gauklerblume,Erythranthe moschata
Südliche Grille,Eumodicogryllus bordigalensis
kletternder Spindelstrauch,Euonymus fortunei
Niederliegende Wolfsmilch,Euphorbia humifusa
Kreuzblaettrige Wolfsmilch,Euphorbia lathyris
Gefleckte Wolfsmilch,Euphorbia maculata
Walzen-Wolfsmilch,Euphorbia myrsinites
Hingestreckte Wolfsmilch,Euphorbia prostrata
Weidenblättrige Wolfsmilch,Euphorbia salicifolia
Schlaengelnde Wolfsmilch,Euphorbia serpens
Gras-Schildwanze,Eurygaster maura
Grasblättriger Goldschirm,Euthamia graminifolia
Echter Buchweizen,Fagopyrum esculentum
Silberregen,Fallopia baldschuanica
Kamberkrebs,Faxonius limosus
Feigenbaum,Ficus carica
Fenchel,Foeniculum vulgare
Forsythie,Forsythia intermedia
"Goldflieder, Forsythie",Forsythia suspensa
Ananas-Erdbeere,Fragaria ananassa
Blumen-Esche,Fraxinus ornus
Pennsylvanische Esche,Fraxinus pennsylvanica
Gewöhnliche Schachblume,Fritillaria meleagris
Ranken-Erdrauch,Fumaria capreolata
Mauer-Erdrauch,Fumaria muralis
Prärie-Kokardenblume,Gaillardia aristata
Grossbluetiges Schneegloeckchen,Galanthus elwesii
Geissraute,Galega officinalis
Kleinbluetiges Franzosenkraut,Galinsoga parviflora
Bewimpertes Knopfkraut,Galinsoga quadriradiata
Anis-Labkraut,Galium verrucosum
Wirtgens Labkraut,Galium verum wirtgenii
Bankivahuhn,Gallus gallus
Flussflohkrebs,Gammarus roeselii
Harziger Lackporling,Ganoderma resinaceum
,Geopora sumneriana
Endress-Storchschnabel,Geranium endressii
Felsen-Storchschnabel,Geranium macrorrhizum
Knotiger Storchschnabel,Geranium nodosum
Purpur-Storchschnabel,Geranium purpureum
Pyrenäen-Storchschnabel,Geranium pyrenaicum
Gefleckter Strudelwurm,Girardia tigrina
Gleditschie,Gleditsia triacanthos
Vierfleckiger Kiefernglanzkäfer,Glischrochilus quadripunctatus
,Glischrochilus quadrisignatus
Gestreifter Schwaden,Glyceria striata
,Gnatocerus cornutus
Flieder-Blatttütenfalter,Gracillaria syringella
Rhododendronzikade,Graphocephala fennahi
Abessinisches Ramtillkraut,Guizotia abyssinica
Rispiges Gipskraut,Gypsophila paniculata
Durchwachsenblättriges Gipskraut,Gypsophila perfoliata
Schwarzwurzel-Gipskraut,Gypsophila scorzonerifolia
,Halyomorpha halys
,Haplophthalmus danicus
Asiatischer Marienkäfer,Harmonia axyridis
Gewächshaushusar,Hasarius adansoni
Einjaehrige Sonnenblume,Helianthus annuus
Zehnstrahlige Sonnenblume,Helianthus decapetalus
Bastard-Sonnenblume,Helianthus laetiflorus
Steife Sonnenblume,Helianthus pauciflorus
Topinambur,Helianthus tuberosus
Oestliche Nieswurz,Helleborus orientalis
Natternkopf-Bitterkraut,Helminthotheca echioides
Gelbrote Taglilie,Hemerocallis fulva
Gelbe Taglilie,Hemerocallis lilioasphodelus
Riesen-Bärenklau,Heracleum mantegazzianum
Behaartes Bruchkraut,Herniaria hirsuta
Nachtviole,Hesperis matronalis
Stundenblume,Hibiscus trionum
Grausenf,Hirschfeldia incana
Mähnen-Gerste,Hordeum jubatum
Spanisches Hasenglöckchen,Hyacinthoides hispanica
Bastard-Hasenglöckchen,Hyacinthoides massartiana
Kantige Laubschnecke,Hygromia cinctella
Prächtige Waldfetthenne,Hylotelephium spectabile
,Hymenoscyphus fraxineus
,Hypania invalida
Größeres Kanadisches Johanniskraut,Hypericum majus
Echter Ysop,Hyssopus officinalis
Echter Ysop (Unterart),Hyssopus officinalis officinalis
Doldige Schleifenblume,Iberis umbellata
Kap-Springkraut,Impatiens capensis
Buntes Springkraut,Impatiens edgeworthii
Drüsiges Springkraut,Impatiens glandulifera
Kleines Springkraut,Impatiens parviflora
Echter Alant,Inula helenium
Grasblättrige Schwertlilie,Iris graminea
Zwerg-Schwertlilie,Iris pumila
,Jackrogersella cohaerens
Berg-Greiskraut,Jacobaea subalpina
Japanische Ahornzirpe,Japananus hyalinus
Schwertblättrige Binse,Juncus ensifolius
Zarte Binse,Juncus tenuis
Kali-Salzkraut,Salsola tragus
Schmalblättrige Lorbeerrose,Kalmia angustifolia
,Karpatiosorbus latifolia
Japanisches Goldröschen,Kerria japonica
,Kryphioiulus occultus
Kleiner Ohrwurm,Labia minor
Sandohrwurm,Labidura riparia
Gewöhnlicher Goldregen,Laburnum anagyroides
Großblättriger Milchlattich,Lactuca macrophylla
Tataren-Lattich,Lactuca tatarica
Schmalrohr,Lagarosiphon major
Silber-Goldnessel,Lamium galeobdolon argentatum
,Lamyctes emarginatus
Japanische Laerche,Larix kaempferi
,Lasioglossum malachurum
Breitblättrige Platterbse,Lathyrus latifolius
Gartenwicke,Lathyrus odoratus
,Latridius minutus
Zierliche Wasserlinse,Lemna minuta
Rote Wasserlinse,Lemna turionifera
,Leonurus quinquelobatus
Dichtbluetige Kresse,Lepidium densiflorum
Zweiknotiger Krähenfuß,Lepidium didymum
Pfeilkresse,Lepidium draba
Verschiedenblättrige Kresse,Lepidium heterophyllum
Durchwachsenblaettrige Kresse,Lepidium perfoliatum
Virginische Kresse,Lepidium virginicum
Gemeiner Sonnenbarsch,Lepomis gibbosus
Kartoffelkäfer,Leptinotarsa decemlineata
Amerikanische Kiefernwanze,Leptoglossus occidentalis
Feldhase,Lepus europaeus
Schneehase,Lepus timidus
,Leratiomyces ceres
Spätblühende Margerite,Leucanthemella serotina
Garten-Margerite,Leucanthemum maximum
Gelber Faltenschirmling,Leucocoprinus birnbaumii
Sommer-Knotenblume,Leucojum aestivum
Maggikraut,Levisticum officinale
Breitblatt-Liguster,Ligustrum ovalifolium
,Limnomysis benedeni
Ginsterblättriges Leinkraut,Linaria genistifolia
Dalmatinisches Leinkraut,Linaria dalmatica
Purpur-Leinkraut,Linaria purpurea
Großes Büchsenkraut,Lindernia dubia
Österreichischer Lein,Linum austriacum
Amerikanischer Ochsenfrosch,Lithobates catesbeianus
Flußsteinkleber,Lithoglyphus naticoides
Strand-Silberkraut,Lobularia maritima
Italienisches Raygras,Lolium multiflorum
Henry-Heckenkirsche,Lonicera acuminata
Tataren-Heckenkirsche,Lonicera tatarica
Garten-Mondviole,Lunaria annua
Einjähriges Silberblatt,Lunaria annua annua
,Lunularia cruciata
Vielblättrige Lupine,Lupinus polyphyllus
,Lupinus regalis
Großer Feuerfalter,Lycaena dispar
Gewöhnlicher Bocksdorn,Lycium barbarum
Chinesischer Bocksdorn,Lycium chinense
Eurasischer Luchs,Lynx lynx
Gelbe Scheinkalla,Lysichiton americanus
Punktierter Gilbweiderich,Lysimachia punctata
Kanarenspringer,Macaroeris nidicolens
Bennetkänguruh,Macropus rufogriseus
Mahonie,Mahonia aquifolium
Kultur-Apfel,Malus domestica
Quirl-Malve,Malva verticillata
Strahlenlose Kamille,Matricaria discoidea
Arabischer Schneckenklee,Medicago arabica
Stacheliger Schneckenklee,Medicago polymorpha
Saat-Luzerne,Medicago sativa
Hohes Perlgras,Melica altissima
Indischer Honigklee,Melilotus indicus
Zitronen-Melisse,Melissa officinalis
Pfeffer-Minze,Mentha piperita
Aehrige Minze,Mentha spicata
,Mentha spicata spicata
Hain-Minze,Mentha villosa
Amerikanische Zwergspinne,Mermessus trilobatus
,Metcalfa pruinosa
,Miscanthus sacchariflorus
Chinaschilf,Miscanthus sinensis
Schwarzer Maulbeerbaum,Morus nigra
,Muscari armeniacum
Aucher-Träubel,Muscari aucheri
"Amerikanische Nerz, Amerikanische Mink",Mustela vison
Hohldotter,Myagrum perfoliatum
Nutria,Myocastor coypus
Brasilianisches Tausendblatt,Myriophyllum aquaticum
Verschiedenblättriges Tausendblatt,Myriophyllum heterophyllum
Unvergleichliche Narzisse,Narcissus incomparabilis
Schwarzmund-Grundel,Neogobius melanostomus
Hybrid-Katzenminze,Nepeta faassenii
Traubige Katzenminze,Nepeta racemosa
Giftbeere,Nicandra physalodes
Gelbes Moenchskraut,Nonea lutea
Verschiedenfarbiges Mönchskraut,Nonea versicolor
,Nothophaeocryptopus gaeumannii
Marderhund,Nyctereutes procyonoides
,Obolodiplosis robiniae
Großer Sattelkanker,Odiellus spinosus
Mauer-Steinkraut,Odontarrhena muralis
Spitzblättrige Nachtkerze,Oenothera acutifolia
,Oenothera albipercurva
Sand-Nachtkerze,Oenothera ammophila
Küsten-Nachtkerze,Oenothera oakesiana
Gewöhnliche Nachtkerze,Oenothera biennis
Filzige Nachtkerze,Oenothera villosa
Kronen-Nachtkerze,Oenothera coronifera
Rotkelchige Nachtkerze,Oenothera glazioviana
Täuschende Nachtkerze,Oenothera fallax
Hoelscher-Nachtkerze,Oenothera hoelscheri
Issler-Nachtkerze,Oenothera issleri
Kleinblütige Nachtkerze,Oenothera parviflora
Feinpunktierte Nachtkerze,Oenothera punctulata
Rotstängel-Nachtkerze,Oenothera rubricaulis
Wohlriechende Nachtkerze,Oenothera suaveolens
Grosses Vergissmeinnicht,Omphalodes verna
Forelle,Oncorhynchus mykiss
Bisamratte,Ondatra zibethicus
Saat-Esparsette,Onobrychis viciifolia
Apenninenkanker,Opilio canestrinii
Orientzirpe,Orientus ishidae
,Origanum vulgare hirtum
Bouches Milchstern,Ornithogalum boucheanum
Nickender Milchstern,Ornithogalum nutans
,Ornithonyssus bacoti
Großer Vogelfuß,Ornithopus sativus
Linealblättriges Geradzahnmoos,Orthodontium lineare
,Osmia cornuta
Gefurchter Lappenrüßler,Otiorhynchus sulcatus
Altai-Wildschaf,Ovis ammon
Mufflon,Ovis aries
Dillenius' Sauerklee,Oxalis dillenii
Aufrechter Sauerklee,Oxalis stricta
Amerikanischer Garten-Tausendfüßer,Oxidus gracilis
Große Glanzschnecke,Oxychilus draparnaudi
Schwarzkopf-Ruderente,Oxyura jamaicensis
Japanischer Ysander,Pachysandra terminalis
Signalkrebs,Pacifastacus leniusculus
Garten-Pfingstrose,Paeonia officinalis
Olivenbaum-Zünsler,Palpita vitrealis
Haaraestige Hirse,Panicum capillare
Reisfeld-Hirse,Panicum dichotomiflorum
Echte Hirse,Panicum miliaceum
Kultur-Hirse,Panicum miliaceum miliaceum
Kambrischer Scheinmohn,Papaver cambricum
Orientalischer Mohn,Papaver orientale
Schlaf-Mohn,Papaver somniferum
Gewächshaus-Mondspinne,Parasteatoda tepidariorum
Robinien-Blatttütenfalter,Parectopa robiniella
Pennsylvanisches Glaskraut,Parietaria pensylvanica
Fünfblättriger Wilder Wein,Parthenocissus inserta
Fuenffingerige Jungfernrebe,Parthenocissus quinquefolia
Dreispitzige Jungfernrebe,Parthenocissus tricuspidata
Brennender Pastinak,Pastinaca sativa urens
Blauglockenbaum,Paulownia tomentosa
,Penilia avirostris
Immergrüne Fünfzunge,Pentaglottis sempervirens
Südliche Großschabe,Periplaneta australasiae
Bueschelblume,Phacelia tanacetifolia
Kanariengras,Phalaris canariensis
Fasan,Phasianus colchicus
Bergsteppen-Glanzfetthenne,Phedimus hybridus
Kaukasus-Fetthenne,Phedimus spurius
Falscher Jasmin,Philadelphus coronarius
Polster-Phlox,Phlox subulata
Chile-Flamingo,Phoenicopterus chilensis
Rosaflamingo,Phoenicopterus roseus
Flamingo,Phoenicopterus ruber
Große Zitterspinne,Pholcus phalangioides
Feuerdornminiermotte,Phyllonorycter leucographella
Platanenminiermotte,Phyllonorycter platani
Spitze Blasenschnecke,Physella acuta
Blasenspiere,Physocarpus opulifolius
Essbare Kermesbeere,Phytolacca acinosa
Amerikanische Kermesbeere,Phytolacca americana
Omorikafichte,Picea omorika
Fremde Bibernelle,Pimpinella peregrina
Schwarz-Kiefer,Pinus nigra
Schwarz-Kiefer,Pinus nigra nigra
Strobe,Pinus strobus
Wassersalat,Pistia stratiotes
Orientalischer Lebensbaum,Platycladus orientalis
Dörrobstmotte,Plodia interpunctella
Guppy,Poecilia reticulata
Vierblättriges Nagelkraut,Polycarpon tetraphyllum
Vierblättriges Nagelkraut,Polycarpon tetraphyllum tetraphyllum
Sommer-Bandfüßer,Polydesmus denticulatus
Garten-Weißwurz,Polygonatum hybridum
,Ponera coarctata
Kessler-Grundel,Ponticola kessleri
,Pontogammarus robustoides
Balsam-Pappel,Populus balsamifera
Kanadische Pappel,Populus canadensis
Virginische Pappel,Populus deltoides
,Porcellionides pruinosus
Portulakröschen,Portulaca grandiflora
Portulak,Portulaca oleracea
Portulak,Portulaca oleracea oleracea
Jenkins Deckelschnecke,Potamopyrgus antipodarum
,Potamothrix hammoniensis
,Potamothrix moldaviensis
Indische Scheinerdbeere,Potentilla indica
Mittleres Fingerkraut,Potentilla intermedia
,Proasellus coxalis
,Proasellus meridianus
Roter Amerikanischer Sumpfkrebs,Procambarus clarkii
Waschbär,Procyon lotor
Marmorgrundel,Proterorhinus semilunaris
Aprikose,Prunus armeniaca
Kirschpflaume,Prunus cerasifera
Sauerkirsche,Prunus cerasus
Pflaume,Prunus domestica domestica
Kirschlorbeer,Prunus laurocerasus
Pfirsich,Prunus persica
Späte Trauben-Kirsche,Prunus serotina
Zwerg-Mandel,Prunus tenella
Virginische Trauben-Kirsche,Prunus virginiana
Haus-Keilspringer,Pseudeuophrys lanigera
Blassgelber Lerchensporn,Pseudofumaria alba
Gelber Lerchensporn,Pseudofumaria lutea
Blaubandbärbling,Pseudorasbora parva
Douglasfichte,Pseudotsuga menziesii
Großer Alexandersittich,Psittacula eupatria
Halsbandsittich,Psittacula krameri
Dreiblättriger Lederstrauch,Ptelea trifoliata
Kaukasische Fluegelnuss,Pterocarya fraxinifolia
Großfleckiges Lungenkraut,Pulmonaria saccharata
Blausternähnliche Puschkinie,Puschkinia scilloides
Feuerdorn,Pyracantha coccinea
Kultur-Birnbaum,Pyrus communis
Zerr-Eiche,Quercus cerris
Rot-Eiche,Quercus rubra
Schwefelgelbe Koralle,Ramaria flava
,Rangia cuneata
Runzeliger Rapsdotter,Rapistrum rugosum
Wanderratte,Rattus norvegicus
Bastard-Staudenknoeterich,Reynoutria bohemica
Japanischer Staudenknoeterich,Reynoutria japonica
Sachalin-Staudenknoeterich,Reynoutria sachalinensis
,Rhabdocline pseudotsugae
,Rhagoletis completa
Nandu,Rhea americana
Rhabarber,Rheum rhabarbarum
Pontische Azalee,Rhododendron luteum
Pontische Alpenrose,Rhododendron ponticum
Essigbaum,Rhus typhina
Gold-Johannisbeere,Ribes aureum
Untergetauchtes Sternlebermoos,Riccia fluitans
Schwimm-Sternlebermoos,Ricciocarpos natans
Rizinus,Ricinus communis
Robinie,Robinia pseudoacacia
Vielbluetige Rose,Rosa multiflora
Kartoffel-Rose,Rosa rugosa
Allegheny-Brombeere,Rubus allegheniensis
Armenische Brombeere,Rubus armeniacus
Kanadische Brombeere,Rubus canadensis
Schlitzblättrige Brombeere,Rubus laciniatus
Zimt-Himbeere,Rubus odoratus
Japanische Weinbeere,Rubus phoenicolasius
Pracht-Himbeere,Rubus spectabilis
Rauer Sonnenhut,Rudbeckia hirta
Schlitzblättriger Sonnenhut,Rudbeckia laciniata
Gemüse-Ampfer,Rumex longifolius
Garten-Ampfer,Rumex patientia
Schmalblättriger Ampfer,Rumex stenophyllus
Weidenblatt-Ampfer,Rumex triangulivalvis
(Alpen-)Gämse,Rupicapra rupicapra
Breitblättriges Pfeilkraut,Sagittaria latifolia
Spitzblättrige Weide,Salix acutifolia
Schwarzgraue Weide,Salix atrocinerea
Echte Trauerweide,Salix babylonica
Herzblättrige Weide,Salix eriocephala
Seidenblatt-Weide,Salix holosericea
Trauerweide,Salix sepulcralis
,Salvelinus alpinus
Bachsaibling,Salvelinus fontinalis
Mohren-Salbei,Salvia aethiopis
Quirlblütiger Salbei,Salvia verticillata
Braunrote Schlauchpflanze,Sarracenia purpurea
Echtes Bohnenkraut,Satureja hortensis
Winter-Bohnenkraut,Satureja montana
Orientalische Mauerwespe,Sceliphron curvatum
Schöner Blaustern,Scilla amoena
Forbes-Schneestolz,Scilla forbesii
"Luzilien-Schneestolz, L.-Blaustern",Scilla luciliae
"Sardes-Blaustern, Lydischer Blaustern",Scilla sardensis
,Scilla siberica
Eichhörnchen,Sciurus vulgaris
Frühlings-Braunwurz,Scrophularia vernalis
Hohes Helmkraut,Scutellaria altissima
Spinnenassel,Scutigera coleoptrata
Spanische Fetthenne,Sedum hispanicum
,Sedum spurium
Sprossende Fransen-Hauswurz (Unterart),Sempervivum globiferum arenarium
Schmalblättriges Greiskraut,Senecio inaequidens
Frühlings-Greiskraut,Senecio vernalis
Fabers Borstenhirse,Setaria faberi
Fennich,Setaria italica
Berg-Gliedkraut,Sideritis montana
Herzblättrige Sigesbeckie,Sigesbeckia jorullensis
Kranzrade,Silene coronaria
Gabel-Leimkraut,Silene dichotoma
Hängendes Leimkraut,Silene pendula
Becherpflanze,Silphium perfoliatum
Mariendistel,Silybum marianum
Weisser Senf,Sinapis alba
Ungarische Rauke,Sisymbrium altissimum
Glanz-Rauke,Sisymbrium irio
Loesels Rauke,Sisymbrium loeselii
Orientalische Rauke,Sisymbrium orientale
Wolga-Rauke,Sisymbrium volgense
Blauaugengras,Sisyrinchium montanum
Stängelumfassende Gelbdolde,Smyrnium perfoliatum
Durchwachsene Gelbdolde,Smyrnium perfoliatum perfoliatum
Argentinischer Nachtschatten,Solanum physalifolium
Saracha-Nachtschatten,Solanum sarrachoides
Dreiblütiger Nachtschatten,Solanum triflorum
Gelber Nachtschatten,Solanum villosum
Bubiköpfchen,Soleirolia soleirolii
Kanadische Goldrute,Solidago canadensis
Riesen-Goldrute,Solidago gigantea
Ebereschen-Fiederspiere,Sorbaria sorbifolia
Aleppohirse,Sorghum halepense
Weißer Spierstrauch,Spiraea alba
Billards Spierstrauch,Spiraea billardii
Ulmenblaettriger Spierstrauch,Spiraea chamaedryfolia
Douglas' Spierstrauch,Spiraea douglasii
Japanischer Spierstrauch,Spiraea japonica
Weidenblaettriger Spierstrauch,Spiraea salicifolia
Filziger Spierstrauch,Spiraea tomentosa
Belgischer Spierstrauch,Spiraea vanhouttei
,Sporobolus anglicus
,Sporobolus townsendii
Wolliger Ziest,Stachys byzantina
Große Fettspinne,Steatoda grossa
Braune Witwe,Steatoda triangulosa
Brotkäfer,Stegobium paniceum
,Stephanitis takeyai
Büffelzikade,Stictocephala bisonia
,Stigmatogaster subterranea
Riesenträuschling,Stropharia rugosoannulata
Perlenschnurbaum,Styphnolobium japonicum
,Suillus cavipes
Goldröhrling,Suillus grevillei
Weiße Schneebeere,Symphoricarpos albus
Korallenbeere,Symphoricarpos orbiculatus
Glatte Herbstaster,Symphyotrichum laeve
Lanzett-Herbstaster,Symphyotrichum lanceolatum
Neuengland-Aster,Symphyotrichum novae-angliae
Glattblatt-Aster,Symphyotrichum novi-belgii
Weidenblatt-Herbstaster,Symphyotrichum salignum
,Symphyotrichum tradescantii
bunte Glattblatt-Aster,Symphyotrichum versicolor
Rauer Beinwell,Symphytum asperum
Knollen-Beinwell,Symphytum bulbosum
Grossbluetige Wallwurz,Symphytum grandiflorum
Futter-Beinwell,Symphytum uplandicum
Flieder,Syringa vulgaris
Gewächshausschrecke,Tachycines asynamorus
Rostgans,Tadorna ferruginea
Maulwurf,Talpa europaea
Balsamkraut,Tanacetum balsamita
Großblättrige Wucherblume,Tanacetum macrophyllum
grauhaarige Wucherblume,Tanacetum partheniifolium
Mutterkraut,Tanacetum parthenium
Zweizeilige Sumpfzypresse,Taxodium distichum
,Taxus media
Grosse Telekie,Telekia speciosa
Falsche Alraunenwurzel,Tellima grandiflora
Mehlkäfer,Tenebrio molitor
Heiliger Ibis,Threskiornis aethiopicus
Zwiebelthrips,Thrips tabaci
Riesen-Lebensbaum,Thuja plicata
,Thymus praecox britannicus
Echte Kleidermotte,Tineola bisselliella
Knotiger Klettenkerbel,Torilis nodosa
Buchstaben-Schmuckschildkröte,Trachemys scripta
Haferwurzel,Tragopogon porrifolius
Klettengras,Tragus racemosus
,Trialeurodes vaporariorum
,Tribolium castaneum
Alexandriner Klee,Trifolium alexandrinum
Schweden-Klee,Trifolium hybridum
Inkarnat-Klee,Trifolium incarnatum
Persischer Klee,Trifolium resupinatum
Berlinkäfer,Trogoderma angustum
Garten-Tulpe,Tulipa gesneriana
Wilde Tulpe,Tulipa sylvestris
Laxmanns Rohrkolben,Typha laxmannii
Stechginster,Ulex europaeus
Gewächshaus-Federfuß,Uloborus plumipes
Amerikanischer Hundsfisch,Umbra pygmaea
Pillen-Brennnessel,Urtica pilulifera
Strauch-Heidelbeere,Vaccinium atlanticum
Wollfrüchtiger Feldsalat,Valerianella eriocarpa
Wasserschraube,Vallisneria spiralis
,Venturia inaequalis
Pracht-Koenigskerze,Verbascum speciosum
Faden-Ehrenpreis,Veronica filiformis
Fremder Ehrenpreis,Veronica peregrina
Persischer Ehrenpreis,Veronica persica
,Vespa velutina
Asiatische Hornisse,Vespa velutina nigrithorax
Runzelblaettriger Schneeball,Viburnum rhytidophyllum
Einblütige Wicke,Vicia articulata
Großblütige Wicke,Vicia grandiflora
Gelbe Wicke,Vicia lutea
Maus-Wicke,Vicia narbonensis
Ungarische Wicke,Vicia pannonica
Schmalblaettrige Futter-Wicke,Vicia sativa nigra
Zottige Wicke,Vicia villosa
Grosses Immergruen,Vinca major
Großes Immergrün,Vinca major major
Blaues Veilchen,Viola suavis
Garten-Stiefmütterchen,Viola wittrockiana
Zahnstocher-Knorpelmöhre,Visnaga daucoides
Stumpfe Sumpfdeckelschnecke,Viviparus viviparus
Italienische Sumpfdeckelschnecke,Viviparus ater
Donau-Flussdeckelschnecke,Viviparus acerosus
Schlankköpfige Ufer-Spitzklette,Xanthium albinum
Großfrucht-Spitzklette,Xanthium orientale
Dornige Spitzklette,Xanthium spinosum
,Xyleborus germanus
Nosferatu-Spinne,Zoropsis spinimana
